{
    "도봉구": [
        37.66489223654487,
        127.02617184986506
    ],
    "은평구": [
        37.62195104407905,
        126.91091522725387
    ],
    "동대문구": [
        37.58761109886893,
        127.03330743540422
    ],
    "동작구": [
        37.505266302947975,
        126.94219838638398
    ],
    "금천구": [
        37.46345823098802,
        126.88776028374119
    ],
    "구로구": [
        37.503346142073804,
        126.85011355193511
    ],
    "종로구": [
        37.58376882767581,
        126.97380310874786
    ],
    "강북구": [
        37.638051309303265,
        127.00586217004772
    ],
    "중랑구": [
        37.602470487695435,
        127.07902651233609
    ],
    "강남구": [
        37.49535960941961,
        127.05601070267123
    ],
    "강서구": [
        37.565865716375,
        126.82073490462503
    ],
    "중구": [
        37.5618750896413,
        126.98980599587017
    ],
    "강동구": [
        37.55973289396537,
        127.1364108534617
    ],
    "광진구": [
        37.5509765683924,
        127.07327021695118
    ],
    "마포구": [
        37.55630375301305,
        126.90644849627911
    ],
    "관악구": [
        37.47217987676781,
        126.9370499128595
    ],
    "서초구": [
        37.48033774869977,
        127.00033258344382
    ],
    "성북구": [
        37.603759865922996,
        127.00486203290808
    ],
    "노원구": [
        37.641190765002136,
        127.0685969325349
    ],
    "송파구": [
        37.510617380640044,
        127.1004856959728
    ],
    "성동구": [
        37.555809219369706,
        127.02657575846727
    ],
    "서대문구": [
        37.577842907927156,
        126.9211412980491
    ],
    "양천구": [
        37.527413047208114,
        126.84372818601906
    ],
    "영등포구": [
        37.530077732284186,
        126.8981608607795
    ],
    "용산구": [
        37.527469245679674,
        126.96588801985319
    ]
}